{
  "@context": [
    "https://linkedsoftwaredependencies.org/bundles/npm/@comunica/runner/^1.0.0/components/context.jsonld",
    "https://linkedsoftwaredependencies.org/bundles/npm/@comunica/actor-init-sparql/^1.0.0/components/context.jsonld"
  ],
  "@graph": [
    {
      "@id": "urn:comunica:my",
      "actors": [],
      "@type": "Runner",
      "import": [
        "config-sets:http.json",
        "config-sets:http-memento.json",
        "config-sets:join.json",
        "config-sets:rdf-dereference.json",
        "config-sets:rdf-parsers.json",
        "config-sets:rdf-serializers.json",
        "config-sets:resolve-federated.json",
        "config-sets:resolve-hypermedia.json",
        "config-sets:resolve-rdfjs.json",
        "config-sets:resolve-sparql.json",
        "config-sets:sparql-init.json",
        "config-sets:graphql-parsers.json",
        "config-sets:sparql-optimize.json",
        "config-sets:sparql-parsers.json",
        "config-sets:sparql-queryoperators.json",
        "config-sets:sparql-queryoperators-path.json",
        "config-sets:sparql-serializers.json"
      ]
    }
  ]
}